Effect on protein (NP_000097.3);Effect on protein (NP_000097.3);A5V;V7M;V11M;R25W;R26H;R28C;P34S;G42R;G42E;R62W;A85V;R88P;A90V;L91M;H94R;V104M;V104A;T107S;T107I/N;I109V;G111S;V119M;F120I;A122S;V136M;L142S;K147R;Q151E;E155K;E156A;E156V;C161S;N166D;G169R/X;R173C;S183X;R201H;G212E;L213P;A237S;T249P;T261I;P267H;P268S;R269X;E278K;M279K;K281del;R296C;I297L;H324P;P325L;E334A;D337G;V338M;R343G;R344X;H352R;Y355C;F366S;I369T;G373S;E383K;R388H;K404Q;E410K;E418K;E418Q;L421P;Q424X;G439D;R440H;R441C;R441H;G445R;F457L;H463D;P469A;T470A;H478N;H478P;G479R;F481V;A482T;A432G;H478Q;S486T;S488F;
*1B;Normal function;;;;;;;;;;;;;;;;;;;;;;;;;;;;;;;;;;;;;;;;;;;;;;;;;;;;;;;;;;;;;;;;;;;;;;;;;;;;;;;;;;;;;;;;
*1C;Normal function;;;;;;;;;;;;;;;;;;;;;;;;;;;;;;;;;;;;;;;;;;;;;;;;;;;;;;;;;;;;;;;;;;;;;;;;;;;;;;;;;;;;;;;;
*1D;Normal function;;;;;;;;;;;;;;;;;;;;;;;;;;;;;;;;;;;;;;;;;;;;;;;;;;;;;;;;;;;;;;;;;;;;;;;;;;;;;;;;;;;;;;;;
*1E;Normal function;;;;;;;;;;;;;;;;;;;;;;;;;;;;;;;;;;;;;;;;;;;;;;;;;;;;;;;;;;;;;;;;;;;;;;;;;;;;;;;;;;;;;;;;
*1xN;Increased function ;;;;;;;;;;;;;;;;;;;;;;;;;;;;;;;;;;;;;;;;;;;;;;;;;;;;;;;;;;;;;;;;;;;;;;;;;;;;;;;;;;;;;;;;
*2A;Normal function;;;;;;;;;;;;;;;;;;;;;;;;;;;;;;;;;;;;;;;;;;;;;;;;;A;;;;;;;;;;;;;;;;;;;;;;;;;;;;;;;;;;;;;;G;
*2B;Normal function;;;;;;;;;;;;;;;;;;;;;;;;;;;;;;;;;;;;;;;;;;;;;;;;;A;;;;;;;;;;;;;;;;;;;;;;;;;;;;;;;;;;;;;;G;
*2C;Normal function;;;;;;;;;;;;;;;;;;;;;;;;;;;;;;;;;;;;;;;;;;;;;;;;;A;;;;;;;;;;;;;;;;;;;;;;;;;;;;;;;;;;;;;;G;
*2D;Normal function;;;;;;;;;;;;;;;;;;;;;;;;;;;;;;;;;;;;;;;;;;;;;;;;;A;;;;;;;;;;;;;;;;;;;;;;;;;;;;;;;;;;;;;;G;
*2E;Normal function;;;;;;;;;;;;;;;;;;;;;;;;;;;;;;;;;;;;;;;;;;;;;;;;;A;;;;;;;;;;;;;;;;;;;;;;;;;;;;;;;;;;;;;;G;
*2F;Normal function;;;;;;;;;;;;;;;;;;;;;;;;;;;;;;;;;;;;;;;;;;;;;;;;;A;;;;;;;;;;;;;;;;;;;;;;;;;;;;;;;;;;;;;;G;
*2G;Normal function;;;;;;;;;;;;;;;;;;;;;;;;;;;;;;;;;;;;;;;;;;;;;;;;;A;;;;;;;;;;;;;;;;;;;;;;;;;;;;;;;;;;;;;;G;
*2H;Normal function;;;;;;;;;;;;;;;;;;;;;;;;;;;;;;;;;;;;;;;;;;;;;;;;;A;;;;;;;;;;;;;;;;;;;;;;;;;;;;;;;;;;;;;;G;
*2K;Normal function;;;;;;;;;;;;;;;;;;;;;;;;;;;;;;;;;;;;;;;;;;;;;;;;;A;;;;;;;;;;;;;;;;;;;;;;;;;;;;;;;;;;;;;;G;
*2L;Normal function;;;;;;;;;;;;;;;;;;;;;;;;;;;;;;;;;;;;;;;;;;;;;;;;;A;;;;;;;;;;;;;;;;;;;;;;;;;;;;;;;;;;;;;;G;
*2M;Normal function;;;;;;;;;;;;;;;;;;;;;;;;;;;;;;;;;;;;;;;;;;;;;;;;;A;;;;;;;;;;;;;;;;;;;;;;;;;;;;;;;;;;;;;;G;
*2xN;Increased function ;;;;;;;;;;;;;;;;;;;;;;;;;;;;;;;;;;;;;;;;;;;;;;;;;;;;;;;;;;;;;;;;;;;;;;;;;;;;;;;;;;;;;;;;
*3A;No function ;;;;;;;;;;;;;;;;;;;;;;;;;;;;;;;;;;;;;;;;;;;;;;;;;;;;;;;;;;;;;;;;;;;;;;;;;;;;;;;;;;;;;;;;
*3B;No function ;;;;;;;;;;;;;;;;;;;;;;;;;;;;;;;;;C;;;;;;;;;;;;;;;;;;;;;;;;;;;;;;;;;;;;;;;;;;;;;;;;;;;;;;;
*3xN;No function ;;;;;;;;;;;;;;;;;;;;;;;;;;;;;;;;;;;;;;;;;;;;;;;;;;;;;;;;;;;;;;;;;;;;;;;;;;;;;;;;;;;;;;;;
*4A;No function ;;;;;;;A;;;;;;;T;C;;;;;;;;;;;;;;;;;;;;;;;;;;;;;;;;;;;;;;;;;;;;;;;;;;;;;;;;;;;;;;;;;;;;;;;;G;
*4B;No function ;;;;;;;A;;;;;;;T;C;;;;;;;;;;;;;;;;;;;;;;;;;;;;;;;;;;;;;;;;;;;;;;;;;;;;;;;;;;;;;;;;;;;;;;;;G;
*4C;No function ;;;;;;;A;;;;;;;;;;;;;;;;;;;;;;;;;;;;;;;;;;;;;;;;;;;;;;;;;;;;;;;;;;;;;;G;;;;;;;;;;;;;;;;;;G;
*4D;No function ;;;;;;;A;;;;;;;;;;;;;;;;;;;;;;;;;;;;;;;;;;;;;;;;;;;;;;;;;;;;;;;;;;;;;;;;;;;;;;;;;;;;;;;;G;
*4E;No function ;;;;;;;A;;;;;;;;;;;;;;;;;;;;;;;;;;;;;;;;;;;;;;;;;;;;;;;;;;;;;;;;;;;;;;;;;;;;;;;;;;;;;;;;G;
*4F;No function ;;;;;;;A;;;;;;;T;C;;;;;;;;;;;;;;;;;;;;A;;;;;;;;;;;;;;;;;;;;;;;;;;;;;;;;;;;;;;;;;;;;;;;;;;;;G;
*4G;No function ;;;;;;;A;;;;;;;T;C;;;;;;;;;;;;;;;;;;;;;;;;;;;;;;;;;;;;;A;;;;;;;;;;;;;;;;;;;;;;;;;;;;;;;;;;;G;
*4H;No function ;;;;;;;A;;;;;;;T;C;;;;;;;;;;;;;;;;;;;;;;;;;;;;;;;;;;;;;;;;;;;;;;;;;;;;;G;;;;;;;;;;;;;;;;;;;G;
*4J;No function ;;;;;;;A;;;;;;;T;C;;;;;;;;;;;;;;;;;;;;;;;;;;;;;;;;;;;;;;;;;;;;;;;;;;;;;;;;;;;;;;;;;;;;;;;;;
*4K;No function ;;;;;;;A;;;;;;;;;;;;;;;;;;;;;;;;;;;;;;;;;;;;;;;;;;A;;;;;;;;;;;;;;;;;;;;;;;;;;;;;;;;;;;;;;G;
*4L;No function ;;;;;;;A;;;;;;;;;;;;;;;;;;;;;;;;;;;;;;;;;;;;;;;;;;;;;;;;;;;;;;;;;;;;;;;;;;;;;;;;;;;;;;;;G;
*4M;No function ;;;;;;;;;;;;;;T;C;;;;;;;;;;;;;;;;;;;;;;;;;;;;;;;;;;;;;;;;;;;;;;;;;;;;;;;;;;;;;;;;;;;;;;;;;
*4N;No function ;;;;;;;A;;;;;;;T;C;;;;;;;;;;;;;;;;;;;;;;;;;;;;;;;;;;;;;;;;;;;;;;;;;;;;;;;;;;;;;;;C;C;A;G;G;C;T;C;;G;
*4P;No function ;;;;;;;A;;;;;;;T;C;;;;;;;;;;;;;;;;;;;;;;;;;;;;;A;;;;;;;;;;;;;;;;;;;;;;;;;;;;;;;;;;;;;;;;;;;;
*4xN;No function ;;;;;;;;;;;;;;;;;;;;;;;;;;;;;;;;;;;;;;;;;;;;;;;;;;;;;;;;;;;;;;;;;;;;;;;;;;;;;;;;;;;;;;;;
*6xN;No function ;;;;;;;;;;;;;;;;;;;;;;;;;;;;;;;;;;;;;;;;;;;;;;;;;;;;;;;;;;;;;;;;;;;;;;;;;;;;;;;;;;;;;;;;
*6A;No function ;;;;;;;;;;;;;;;;;;;;;;;;;;;;;;;;;;;;;;;;;;;;;;;;;;;;;;;;;;;;;;;;;;;;;;;;;;;;;;;;;;;;;;;;
*6B;No function ;;;;;;;;;;;;;;;;;;;;;;;;;;;;;;;;;;;;;;T;;;;;;;;;;;;;;;;;;;;;;;;;;;;;;;;;;;;;;;;;;;;;;;;;;
*6C;No function ;;;;;;;;;;;;;;;;;;;;;;;;;;;;;;;;;;;;;;T;;;;;;;;;;;;;;;;;;;;;;;;;;;;;;;;;;;;;;;;;;;;;;;;;G;
*6D;No function ;;;;;;;;;;;;;;;;;;;;;;;;;;;;;;;;;;;;;;;;;;;;;;;;;;;;;;;;;;;;;;T;;;;;;;;;;;;;;;;;;;;;;;;;;
*7;No function ;;;;;;;;;;;;;;;;;;;;;;;;;;;;;;;;;;;;;;;;;;;;;;;;;;;G;;;;;;;;;;;;;;;;;;;;;;;;;;;;;;;;;;;;;
*8;No function ;;;;;;;;;;;;;;;;;;;;;;;;;;;;;;;;;;A;;;;;;;;;;;;;;;A;;;;;;;;;;;;;;;;;;;;;;;;;;;;;;;;;;;;;;G;
*9;Decreased function ;;;;;;;;;;;;;;;;;;;;;;;;;;;;;;;;;;;;;;;;;;;;;;;;;delCTT;;;;;;;;;;;;;;;;;;;;;;;;;;;;;;;;;;;;;;;;
*9xN;Normal or Increased function ;;;;;;;;;;;;;;;;;;;;;;;;;;;;;;;;;;;;;;;;;;;;;;;;;;;;;;;;;;;;;;;;;;;;;;;;;;;;;;;;;;;;;;;;
*10x2;Decreased function;;;;;;;;;;;;;;;;;;;;;;;;;;;;;;;;;;;;;;;;;;;;;;;;;;;;;;;;;;;;;;;;;;;;;;;;;;;;;;;;;;;;;;;;
*10xN>2;Normal or Increased function ;;;;;;;;;;;;;;;;;;;;;;;;;;;;;;;;;;;;;;;;;;;;;;;;;;;;;;;;;;;;;;;;;;;;;;;;;;;;;;;;;;;;;;;;
*10A;Decreased function ;;;;;;;A;;;;;;;;;;;;;;;;;;;;;;;;;;;;;;;;;;;;;;;;;;;;;;;;;;;;;;;;;;;;;;;;;;;;;;;;;;;;;;;;G;
*10B;Decreased function ;;;;;;;A;;;;;;;;;;;;;;;;;;;;;;;;;;;;;;;;;;;;;;;;;;;;;;;;;;;;;;;;;;;;;;;;;;;;;;;;;;;;;;;;G;
*10D;Decreased function ;;;;;;;A;;;;;;;;;;;;;;;;;;;;;;;;;;;;;;;;;;;;;;;;;;;;;;;;;;;;;;;;;;;;;;;;;;;;;;;;;;;;;;;;G;
*11A;No function ;;;;;;;;;;;;;;;;;;;;;;;;;;;;;;;;;;;;;;;;;;;;;;;;;A;;;;;;;;;;;;;;;;;;;;;;;;;;;;;;;;;;;;;;G;
*11B;No function ;;;;;;;;;;;;;;;;;;;;;;;;;;;;;;;;;;;;;;;;;;;;;;;;;A;;;;;;;;;;;;;;;;;;;;;;;;;;;;;;;;;;;;;;G;
*12;No function ;;;;;;;;T;;;;;;;;;;;;;;;;;;;;;;;;;;;;;;;;;;;;;;;;;A;;;;;;;;;;;;;;;;;;;;;;;;;;;;;;;;;;;;;;G;
*13;No function ;;;;;;;;;;;;;;;;;;;;;;;;;;;;;;;;;;;;;;;;;;;;;;;;;;;;;;;;;;;;;;;;;;;;;;;;;;;;;;;;;;;;;;;;
*14;Decreased function ;;;;;;;;;;;;;;;;;;;;;;;;;;;;;;;;;;T;;;;;;;;;;;;;;;A;;;;;;;;;;;;;;;;;;;;;;;;;;;;;;;;;;;;;;G;
*15;No function ;;;;;;;;;;;;;;;;;;;;;;;;;;;;;;;;;;;;;;;;;;;;;;;;;;;;;;;;;;;;;;;;;;;;;;;;;;;;;;;;;;;;;;;;
*17;Decreased function ;;;;;;;;;;;;;;;;;;;A;;;;;;;;;;;;;;;;;;;;;;;;;;;;;;A;;;;;;;;;;;;;;;;;;;;;;;;;;;;;;;;;;;;;;G;
*17xN;Normal or Increased function ;;;;;;;;;;;;;;;;;;;;;;;;;;;;;;;;;;;;;;;;;;;;;;;;;;;;;;;;;;;;;;;;;;;;;;;;;;;;;;;;;;;;;;;;
*18;No function ;;;;;;;;;;;;;;;;;;;;;;;;;;;;;;;;;;;;;;;;;;;;;;;;;;;;;;;;;;;;;;;;;;;;;;;;;;;;;;;;;;;;;;;;
*19;No function ;;;;;;;;;;;;;;;;;;;;;;;;;;;;;;;;;;;;;;;;;;;;;;;;;A;;;;;;;;;;;;;;;;;;;;;;;;;;;;;;;;;;;;;;G;
*20;No function ;;;;;;;;;;;;;;;;;;;;;;;;;;;;;;;;;;;;;;;G;;;;;;;;;;A;;;;;;;;;;;;;;;;;;;;;;;;;;;;;;;;;;;;;;G;
*21A;No function ;;;;;;;;;;;;;;;;;;;;;;;;;;;;;;;;;;;;;;;;;;;;;;;;;A;;;;;;;;;;;;;;;;;;;;;;;;;;;;;;;;;;;;;;G;
*21B;No function ;;;;;;;;;;;;;;;;;;;;;;;;;;;;;;;;;;;;;;;;;;;;;;;;;A;;;;;;;;;;;;;;;;;;;;;;;;;;;;;;;;;;;;;;G;
*22;Uncertain function;;;;;;A;;;;;;;;;;;;;;;;;;;;;;;;;;;;;;;;;;;;;;;;;;;;;;;;;;;;;;;;;;;;;;;;;;;;;;;;;;;;;;;;;;
*23;Uncertain function;;;;;;;;;;;A;;;;;;;;;;;;;;;;;;;;;;;;;;;;;;;;;;;;;;;;;;;;;;;;;;;;;;;;;;;;;;;;;;;;;;;;;;;;;
*24;Uncertain function;;;;;;;;;;;;;;;;;;;;;;;;;;;;;;;;;;;;;;;;;;;;;;;;;;G;;;;;;;;;;;;;;;;;;;;;;;;;;;;;;;;;;;;;;
*25;Uncertain function;;;;;;;;;;;;;;;;;;;;;;;;;;;;;;;;;;;;;;;;;;;;;;;;;;;;;;;;C;;;;;;;;;;;;;;;;;;;;;;;;;;;;;;;;
*26;Uncertain function;;;;;;;;;;;;;;;;;;;;;;;;;;;;;;;;;;;;;;;;;;;;;;;;;;;;;;;;;;;;;G;;;;;;;;;;;;;;;;;;;;;;;;;;;
*27;Normal function;;;;;;;;;;;;;;;;;;;;;;;;;;;;;;;;;;;;;;;;;;;;;;;;;;;;;;;;;;;;;;;;;;T;;;;;;;;;;;;;;;;;;;;;;
*28;Uncertain function;;T;;;;;;;;;;;;;;;;;;;;;;;;;;C;;;;;;;;;;;;;;;;;;;;;A;;;;;;;;;;;;;;;;;;;;;;;;;;;;;;;;;;;;;;G;
*29;Decreased function ;;;;;;;;;;;;;;;;;;;;;;;;;T;;;;;;;;;;;;;;;;;;;;;;;;A;;;;;;T;;;;;;;;;;;;;;;;;;;;;;;;;;;;;;;;G;
*29xN;Normal or Increased function ;;;;;;;;;;;;;;;;;;;;;;;;;;;;;;;;;;;;;;;;;;;;;;;;;;;;;;;;;;;;;;;;;;;;;;;;;;;;;;;;;;;;;;;;
*30;Uncertain function;;;;;;;;;;;;;;;;;;;;;;;;;;;;;;;;;;;;;;;;;;;;;;;;;A;;;;;;;;;;;;;;;;;;;;;;;;;;;;;;;;;;;;;;G;
*31;No function ;;;;;;;;;;;;;;;;;;;;;;;;;;;;;;;;;;;;;;;;;;;;;;;;;A;;;;;;;;;;;;;;;;;;;;;;;T;;;;;;;;;;;;;;;G;
*32;Uncertain function;;;;;;;;;;;;;;;;;;;;;;;;;;;;;;;;;;;;;;;;;;;;;;;;;A;;;;;;;;;;;;;;;;;T;;;;;;;;;;;;;;;;;;;;;G;
*33;Normal function;;;;;;;;;;;;;;;;;;;;;;;;;;;;;;;;;;;;;;;;A;;;;;;;;;;;;;;;;;;;;;;;;;;;;;;;;;;;;;;;;;;;;;;;;
*34;Normal function;;;;;;;;;;;;;;;;;;;;;;;;;;;;;;;;;;;;;;;;;;;;;;;;;A;;;;;;;;;;;;;;;;;;;;;;;;;;;;;;;;;;;;;;;
*35xN;Increased function ;;;;;;;;;;;;;;;;;;;;;;;;;;;;;;;;;;;;;;;;;;;;;;;;;;;;;;;;;;;;;;;;;;;;;;;;;;;;;;;;;;;;;;;;
*35A;Normal function;;;T;;;;;;;;;;;;;;;;;;;;;;;;;;;;;;;;;;;;;;;;;;;;;;A;;;;;;;;;;;;;;;;;;;;;;;;;;;;;;;;;;;;;;G;
*35B;Normal function;;;T;;;;;;;;;;;;;;;;;;;;;;;;;;;;;;;;;;;;;;;;;;;;;;A;;;;;;;;;;;;;;;;;;;;;;;;;;;;;;;;;;;;;;G;
*36xN;No function ;;;;;;;A;;;;;;;;;;;;;;;;;;;;;;;;;;;;;;;;;;;;;;;;;;;;;;;;;;;;;;;;;;;;;;;;;;;;;;;C;C;A;G;G;C;T;C;;G;
*36;No function ;;;;;;;A;;;;;;;;;;;;;;;;;;;;;;;;;;;;;;;;;;;;;;;;;;;;;;;;;;;;;;;;;;;;;;;;;;;;;;;C;C;A;G;G;C;T;C;;G;
*37;Uncertain function;;;;;;;A;;;;;;;;;;;;;;;;;;;;;;;;;;;;;;T;;;;;;;;;;;;;;;;;;;;;;;;;;;;;;;;;;;;;;;;;;;;;;;;;;G;
*38;No function ;;;;;;;;;;;;;;;;;;;;;;;;;;;;;;;;;;;;;;;;;;;;;;;;;;;;;;;;;;;;;;;;;;;;;;;;;;;;;;;;;;;;;;;;
*39;Normal function;;;;;;;;;;;;;;;;;;;;;;;;;;;;;;;;;;;;;;;;;;;;;;;;;;;;;;;;;;;;;;;;;;;;;;;;;;;;;;;;;;;;;;;G;
*40;No function ;;;;;;;;;;;;;;;;;;;A;;;;;;;;;;;;;;;;;;;;;;;;;;;;;;A;;;;;;;;;;;;;;;;;;;;;;;;;;;;;;;;;;;;;;G;
*41;Decreased function ;;;;;;;;;;;;;;;;;;;;;;;;;;;;;;;;;;;;;;;;;;;;;;;;;A;;;;;;;;;;;;;;;;;;;;;;;;;;;;;;;;;;;;;;G;
*41xN;Normal or Increased function ;;;;;;;;;;;;;;;;;;;;;;;;;;;;;;;;;;;;;;;;;;;;;;;;;;;;;;;;;;;;;;;;;;;;;;;;;;;;;;;;;;;;;;;;
*42;No function ;;;;;;;;;;;;;;;;;;;;;;;;;;;;;;;;;;;;;;;;;;;;;;;;;A;;;;;;;;;;;;;;;;;;;;;;;;;;;;;;;;;;;;;;G;
*43;Uncertain function;;;;;T;;;;;;;;;;;;;;;;;;;;;;;;;;;;;;;;;;;;;;;;;;;;;;;;;;;;;;;;;;;;;;;;;;;;;;;;;;;;;;;;;;;
*43xN;Uncertain function;;;;;;;;;;;;;;;;;;;;;;;;;;;;;;;;;;;;;;;;;;;;;;;;;;;;;;;;;;;;;;;;;;;;;;;;;;;;;;;;;;;;;;;;
*44;No function ;;;;;;A;;;;;;;;;;;;;;;;;;;;;;;;;;;;;;;;;;;;;;;;;;;;;;;;;;;;;;;;;;;;;;;;;;;;;;;;;;;;;;;;;;
*45xN;Increased function ;;;;;;;;;;;;;;;;;;;;;;;;;;;;;;;;;;;;;;;;;;;;;;;;;;;;;;;;;;;;;;;;;;;;;;;;;;;;;;;;;;;;;;;;
*45A;Normal function;;;;;;;;;;;;;;;;;;;;;;;;;;;;;T;;;;;;;;;;;;;;;;;;;;A;;;;;;;;;;;;;;;;;;;;;;;;;;;;;;;;;;;;;;G;
*45B;Normal function;;;;;;;;;;;;;;;;;;;;;;;;;;;;;T;;;;;;;;;;;;;;;;;;;;A;;;;;;;;;;;;;;;;;;;;;;;;;;;;;;;;;;;;;;G;
*46A;Normal function;;;;;T;;;;;;;;;;;;;;;;;;;;;;;;T;;;;;;;;;;;;;;;;;;;;A;;;;;;;;;;;;;;;;;;;;;;;;;;;;;;;;;;;;;;G;
*46B;Normal function;;;;;T;;;;;;;;;;;;;;;;;;;;;;;;T;;;;;;;;;;;;;;;;;;;;A;;;;;;;;;;;;;;;;;;;;;;;;;;;;;;;;;;;;;;G;
*47;No function ;;;;A ;;;A;;;;;;;;;;;;;;;;;;;;;;;;;;;;;;;;;;;;;;;;;;;;;;;;;;;;;;;;;;;;;;;;;;;;;;;;;;;;;;;;G;
*48;Normal function;;;;;;;;;;;;;A;;;;;;;;;;;;;;;;;;;;;;;;;;;;;;;;;;;;;;;;;;;;;;;;;;;;;;;;;;;;;;;;;;;;;;;;;;;
*49;Decreased function ;;;;;;;A;;;;;;;;;;;;;;;;T;;;;;;;;;;;;;;;;;;;;;;;;;;;;;;;;;;;;;;;;;;;;;;;;;;;;;;;;;;;;;;;;G;
*50;Decreased function ;;;;;;;;;;;;;;;;;;;;;;;;;;;;;;G;;;;;;;;;;;;;;;;;;;;;;;;;;;;;;;;;;;;;;;;;;;;;;;;;;;;;;;;;;
*51;No function ;;;;;;;;;;;;;;;;;;;;;;;;;;;;;;;;;;;;;;;;;;;;;;;;;A;;;;G;;;;;;;;;;;;;;;;;;;;;;;;;;;;;;;;;;G;
*52;Uncertain function;;;;;;;A;;;;;;;;;;;;;;;;;;;;;;;;;;;;;;;;;;;;;;;;;;;;;;;;;;;;;;;;;;;;T;;;;;;;;;;;;;;;;;;;;G;
*53;Normal function;;;;;;;;;;;;;;;;;;;;;;;T;A;;;;;;;;;;;;;;;;;;;;;;;;;;;;;;;;;;;;;;;;;;;;;;;;;;;;;;;;;;;;;;;;
*54;Decreased function ;;;;;;;A;;;;;;;;;;;;;;;;;;;;;;;;;;;;;;;;;;;A;;;;;;;;;;;;;;;;;;;;;;;;;;;;;;;;;;;;;;;;;;;;;G;
*55;Decreased function ;;;;;;;;;;;;;;;;;;;;;;;;;;;;;;;;;;;;;;;;;;;;;;;;;A;;;;;;;;;;;;;;;;G;;;;;;;;;;;;;;;;;;;;;;G;
*56A;No function ;;;;;;;;;;;;;;;;;;;;;;;;;;;;;;;;;;;;;;;;;;;;;;;;;A;;;;;;;;A;;;;;;;;;;;;;;;;;;;;;;;;;;;;;;G;
*56B;No function ;;;;;;;A;;;;;;;;;;;;;;;;;;;;;;;;;;;;;;;;;;;;;;;;;;;;;;;;;;A;;;;;;;;;;;;;;;;;;;;;;;;;;;;;;G;
*57;No function ;;;;;;;A;;;A;;;;;;;;;;;;;;;;;;;;;;;;;;;;;;;;;;;;;;;;;;;;;;;;;;;;;;;;;;;;;;;;;;;;C;C;A;G;G;C;T;C;;G;
*58;Unknown function;;;;;;;;;;;;;;;;;;;A;;;;;;;;;;;;;;;;;;;;;;;;;;;;;;A;;;;;;;;;;;;;;;;;;;;;;;;;;;;;;;;;;;;;;G;
*59;Decreased function ;;;;;;;;;;;;;;;;;;;;;;;;;;;;;;;;;;;;;;;;;;;;;;;;;A;;;;;;;;;;;;;;;;;;;;;;;;;;;;;;;;;;;;;;G;
*60;No function;;;;;;;;;;;;;;;;;;;;;;;;;;;;;;;;;;;;insTA;;;;;;;;;;;;;;;;;;;;;;;;;;;;;;;;;;;;;;;;;;;;;;;;;;;;
*61;Uncertain function;;;;;;;;;;;;;;;;;;;;;;;;;;;;;;;;;;;;;;;;;;;;;;;;;;;;;;;;;;;;;;;;;;;;;;;;;;;;;;;;;;;;;;;;
*62;No function ;;;;;;;;;;;;;;;;;;;;;;;;;;;;;;;;;;;;;;;;;;;;;;;;;;;;;;;;;;;;;;;;;;;;;;;;;A;;;;;;;;;;;;;;;
*63;Uncertain function;;;;;;;;;;;;;;;;;;;;;;;;;;;;;;;;;;;;;;;;;;;;;;;;;;;;;;;;;;;;;;;;;;;;;;;;;;;;;;;;;;;;;;;;
*64;Uncertain function;;;;;;;A;;;;;;;;;;;;A;;;;;;;;;;;;;;;;;;;;;;;;;;;;;;;;;;;;;;;;;;;;;;;;;;;;;;;;;;;;;;;;;;;;G;
*65;Uncertain function;;;;;;;A;;;;;;;;;;;;;;;;;;;;;;;;;;;;;;;;;;;;;;;;;;A;;;;;;;;;;;;;;;;;;;;;;;;;;;;;;;;;;;;;;G;
*68;No function ;;;;;;;;;;;;;;;;;;;;;;;;;;;;;;;;;;;;;;;;;;;;;;;;;;;;;;;;;;;;;;;;;;;;;;;;;;;;;;;;;;;;;;;;
*69;No function ;;;;;;;A;;;;;;;;;;;;;;;;;;;;;;;;;;;;;;;;;;;;;;;;;;A;;;;;;;;;;;;;;;;;;;;;;;;;;;;;;;;;;;;;;G;
*70;Uncertain function;;;;;;;;;;;;;;;;;;;;;;T;;;T;;;;;;;;;;;;;;;;;;;;;;;;;;;;;;T;;;;;;;;;;;;;;;;;;;;;;;;;;;;;;;;G;
*71;Uncertain function;;;;;;;;;T;;;;;;;;;;;;;;;;;;;;;;;;;;;;;;;;;;;;;;;;;;;;;;;;;;;;;;;;;;;;;;;;;;;;;;;;;;;;;;;
*72;Decreased function ;;;;;;;A;;;;;;;;;;;;;;;;;;;;;;;;;;;;;;;;;;;;;;;;;;;;;;;;;;;;;;;;T;;;;;;;;;;;;;;;;;;;;;;;;G;
*73;Unknown function;;;;;;;;;;;;;;;;T;;;;;;;;;;;;;;;;;;;;;;;;;;;;;;;;;A;;;;;;;;;;;;;;;;;;;;;;;;;;;;;;;;;;;;;;G;
*74;Unknown function;;;;;;;;;;;;;;T;;;;;;;;;;;;;;;;;;;;;;;;;;;;;;;;;;;;;;;;;;;;;;;;;;;;;;;;;;;;;;;;;;;;;;;;;;
*75;Uncertain function;;;;;;;;;;;;;;;;;;;;;;;;;;;;;;;;;;;;;;;;;;;;;;;;;;;;;;;;;;;;;;;;;;;;;;;;;;T;;;;;;;;;;;;;;
*81;Uncertain function;;;;;;;;;;;;;;;;;;;;;;;;;;;;;;;;;;;;;;;;;;;;;A;T;T;;;;;;;;;;;;;;;;;;;;;;;;;;;;;;;;;;;;;;;;;
*82;Unknown function;;;;;;;;;;;;;;T;C;;G;A;T;C;;;;;;;;;;;;;;;;;;;;;;;;;;;;;;;;;;;;;;;;;;;;;;;;;;;;;;;;;;;;;;;;;;;;
*83;Unknown function;;;;;;;;;;;;;;;;;;;;;;;;;;;;;;;;;;;;;;;;;;;;;;;;;;;;;;;;;;;;;;;;;;;;;;;;;;;;;;C;C;A;G;G;C;T;C;;G;
*84;Decreased function;;;;;;;;;;;;;;;;;;;;;;;;;;;;;;;;;;;;;;;;;;;T;;;;;;A;;;;;;;;;;;;;;;;;;;;;;;;;;;;;;;;;;;;;;G;
*85;Unknown function;;;;;;;;;;;;;;;;;;;;;;;;;;;;;;;;;;;;;;;;;;;;;;;;;A;;;;;;;;;;;;;;;;;;;;;;;;;;;;;;;;;;;;;C;G;
*86;Unknown function;;;;;;;;;;;;;;;;;;;;;;;;;;;;;;;;;;;;;;;;;;;;;;T;T;;;;;;;;;;;;;;;;;;;;;;;;;;;;;;;;;;;;;;;;;
*87;Uncertain function;A;;;;;;A;;;;;;;;;;;;;;;;;;;;;;;;;;;;;;;;;;;;;;;;;;;;;;;;;;;;;;;;;;;;;;;;;;;;;;;;;;;;;;;;G;
*88;Uncertain function;;;;;;;;;;;;;;;;;G;;;;;;;;;;;;;;;;;;;;;;;;;;;;;;;;;;;;;;;;;;;;;;;;;;;;;;;;;;;;;;;;;;;;;;G;
*89;Uncertain function;;;;;;;;;;;;;;;;;;;;;;;;;;G;;;;;;;;;;;;;;;;;;;;;;;;;;;;;;;;;;;;;;;;;;;;;;;;;;;;;;;;;;;;;;
*90;Uncertain function;;;;;;;;;;;;;;;;;;;;;;;;;;;C;;;;;;;;;;;;;;;;;;;;;;;;;;;;;;;;;;;;;;;;;;;;;;;;;;;;;;;;;;;;;
*91;Uncertain function;;;;;;;;;;;;;;;;;;;;;;;;;;;;;;;;G;;;;;;;;;;;;;;;;;A;;;;;;;;;;;;;;;;;;;;;;;;;;;;;;;;;;;;;;;
*92;No function ;;;;;;;;;;;;;;;;;;;;;;;;;;;;;;;;;;;;;;;;;;;;;;;;;;;;;;;;;;;;;;;;;;;;;;;;;;;;;;;;;;;;;;;;
*93;Uncertain function;;;;;;;;;;;;;;;;;;;;;;;;;;;;;;;;;;;;;;;;;G;;;;;;;;;;;;;;;;;;;;;;;;;;;;;;;;;;;;;;;;;;;;;;;
*94A;Uncertain function;;;;;;;A;;;;;;;;;;;;;;;;;;;;;;;;;;;;;;;;;;;;;;;;;;;;;;;C;;;;;;;;;;;;;;;;;;;;;;;;;;;;;;;;;G;
*94B;Uncertain function;;;;;;;A;;;;;;;;;;;;;;;;;;;;;;;;;;;;;;;;;;;;;;;;;;;;;;;C;;;;;;;;;;;;;;;;;;;;;;;;;;;;;;;;;G;
*95;Uncertain function;;;;;;;A;;;;;;;;;;;;;;;;;;;;;;;;;;;;;;;;;;;;;;;;;;;;;;;;;;;;;;;;;T;;;;;;;;;;;;;;;;;;;;;;;G;
*96;No function;;;;;;;;;;;;;;;;;;;;;;;;;;;;;;;;;;;;;;;;;;;;;;;;;;;;;;;;;;;;;;;;;;;;;;A;;;;;;;;;;;;;;;;;;
*97;Uncertain function;;;;;;;;;;;;;;;;;;;;;;;;;;;;;;;;;;;;;;;;;;;;;;;;;;;;;;;;;;;;;;;;;;;;;;;;;;;;T;;;;;;;;;;;;
*98;Uncertain function;;;;;;;;;;;;;;;;;;;;;;;;;;;;;;;;;;;;;;;;;;;;;;;;;A;;;;;;;;;;;;;;;;;;;;;;;;;;;;C;;;;;;;;;;G;
*99;No function;;;;;;;A;;;;;G;;;;;;;;;;;;;;;;;;;;;;;;;;;;;;;;;;;;;;;;;;;;;;;;;;;;;;;;;;;;;;;;;;;;;;;;;;;G;
*100;No function ;;;;;;;A;;;;;;;;;;;;;;;;;;;;;;;;;;;;;;;;;;;;;;;;;;;;;;;;;;;;;;;;;;;;;;;;;;;;;;;;;;;;;;;;G;
*101;No function ;;;;;;;A;;;;;;;;;;;;;;;;;;;;;;;;;;;;;;;;;;;;;;;;;;;;;;;;;;;;;;;;;;;;;;;;;;;;;;;;;;;;;;;;G;
*102;Unknown function;;;;;;;;;;;;;A;;;;;;;;;;;;;;;;;;;;;;;;;;;;;;;;;;;;A;;;;;;;;;;;;;;;;;;;;;;;;;;;;;;;;;;;;;;G;
*103;Unknown function;;;;;;;;;;;;;A;;;;;;;;;;;;;;;;;;;;C;;;;;;;;;;;;;;;;A;;;;;;;;;;;;;;;;;;;;;;;;;;;;;;;;;;;;;;G;
*104;Unknown function;;;;;;;;;;;;;;;;;;;;;;;;;;;;;;;A;;;;;;;;;;;;;;;;;;A;;;;;;;;;;;;;;;;;;;;;;;;;;;;;;;;;;;;;;G;
*105;Unknown function;;;;;;;;;;;;;;;;;;;;;;;;;;;;;;;;;;;;;;;;;;;;;;;;;A;;;;;;;;;;;G;;;;;;;;;;;;;;;;;;;;;;;;;;;G;
*106;Uncertain function;;;;;;;;;;;;;;;;;;;;;;;;;;;;;;;;;;;;;;;;;;;;;;;;;;;;;;;;;;;;;;;;;;;T;;;;;;;;;;;;;;;;;;;;;
*107;Unknown function;;;;;;;;;;;;;;;;;;;;;;;;;T;;;;;;;;;;;;;;;;;;;;;;;;;;;;;;;;;;;;;;;;;;;;;;;;;;;;;;;;;;;;;;;
*108;Unknown function;;;;;;;;;;;;;;;;;;;;;;;;;;;;;;;;;;;;;;;;;;;;;;;;;;;;;;;;;;C;C;;;;;;;;;;;;;;;;;;;;;;;;;;;;;
*109;Unknown function;;;;;;;;;;;;;;;;;;;;;;;;;;;;;;;;;;;;;;;;;;;;;;;;delCTT;;;;;;;T;;;;;;;;;;;;;;;;;;;;;;;;;;;;;;;;;
*110;Unknown function;;;;;;;;;;;;;;;;;;;;;;;;;;;;;;;;;;;;;;;;;;;;;;;;;;;;;;;;;;;;;;;;;;;;;;;;;;;T;;;;;;;;;;;;;
*111;Unknown function;;;;;;;;;;;;;;;;;;;;;T;;;;;;;;;;;;;;;;;;;;;;;;;;;;A;;;;;;;;;;;;;;;;;;;;;;;;;;;;;;;;;;;;;;G;
*112;Unknown function;;;;;;;;;;;;;;;;;;;;;;;;;;;;;;;;;;;;;;;;;;;;;;;;;;;;;;;;;;;;;;;;;;;;;;;;;;;;;;;;;;;;;;;;A
*113;Unknown function;;;;;;;;;;;;;;;;;;;;;;;;;;;;;;;;;;;;;;;;;;;;;;;;;;;;;;;;;;;;;;;;;;;;;;;T;;;;;;;;;;;;;;;;;
*114;No function ;;;;;;;A;;;;;;;;;;;;;;;;;;;;;;;;;;;T;;;;;;;;;;;;;;;A;;;;;;;;;;;;;;;;;;;;;;;;;;;;;;;;;;;;;;G;